{"cameraMode":{"drawMode":0,"name":"Shaded","section":"Shading Mode"},"sceneLighting":false,"audioPlay":false,"sceneViewState":{"m_AlwaysRefresh":false,"showFog":true,"showSkybox":false,"showFlares":true,"showImageEffects":true,"showParticleSystems":true,"showVisualEffectGraphs":true,"m_FxEnabled":true},"in2DMode":false,"pivot":{"x":-2.1357264518737795,"y":1.6213499307632447,"z":-4.3901262283325199},"rotation":{"x":0.07063016295433045,"y":-0.6407106518745422,"z":0.05936809256672859,"w":0.7622237205505371},"size":2.9337003231048586,"orthographic":false}